league,game,half,timestamp,type,anonymized,predicted_res_0
england_epl_2016-2017,2017-05-06 - 17-00 Leicester 3 - 0 Watford,2,2830,soccer-ball,"[PLAYER] plays a neat ball into the path of [PLAYER] ([TEAM]), who makes room for a shot and fires in off the right post! 3:0.",Goal! [PLAYER] ([TEAM]) gets his head to the cross and puts the ball into the back of the net. The score is 0:2.
england_epl_2016-2017,2017-05-06 - 17-00 Leicester 3 - 0 Watford,2,2631,corner,"[PLAYER] ([TEAM]) takes the corner kick and sends a lovely ball into the penalty area, but the opposition's defence is ready and knocks the ball to safety.","[PLAYER] ([TEAM]) takes the corner, but one of the defenders reacts well and rises highest to head the ball away."
england_epl_2016-2017,2017-05-06 - 17-00 Leicester 3 - 0 Watford,2,2603,,"[PLAYER] ([TEAM]) misses a good chance to score. An inch-perfect cross into the box finds [PLAYER] ([TEAM]) who rises for a header, but sends the ball well over the bar. Corner kick. [TEAM] will have an opportunity.","[PLAYER] ([TEAM]) takes the corner and sends it into the penalty area, but the opposition's defence is ready and makes a good clearance."
england_epl_2016-2017,2017-05-06 - 17-00 Leicester 3 - 0 Watford,2,2592,corner,[PLAYER] ([TEAM]) launches an inaccurate corner kick into the penalty area.,[PLAYER] ([TEAM]) takes the corner kick but the ball only finds the head of an opponent.
england_epl_2016-2017,2017-05-06 - 17-00 Leicester 3 - 0 Watford,2,2566,,A cross from [PLAYER] ([TEAM]) fails to reach the box as the defence clears the ball away to safety. Now [TEAM] have a corner.,"[PLAYER] ([TEAM]) sends a cross in, but the opposition's defence clears the ball to safety. The referee points to the corner flag and [TEAM] will take a corner."
england_epl_2016-2017,2017-05-06 - 17-00 Leicester 3 - 0 Watford,2,2419,,"[PLAYER] ([TEAM]) controls a nice low pass and shoots from just outside the box, but it's a poor effort that flies into the stands. Wasted opportunity!","[PLAYER] ([TEAM]) makes a yard for himself on the edge of the box, but produces a poor effort that goes high over the bar. The ball is off of the pitch and it's a goal kick for the home team."
england_epl_2016-2017,2017-05-06 - 17-00 Leicester 3 - 0 Watford,2,2333,,[PLAYER] ([TEAM]) is caught offside!,"[PLAYER] ([TEAM]) swings in a cross, but the ball is cleared to safety. The ball goes out of play and [TEAM] will have a goal kick."
england_epl_2016-2017,2017-05-06 - 17-00 Leicester 3 - 0 Watford,2,2285,substitution,[COACH] has decided to substitute [PLAYER] and he is replaced by [PLAYER] ([TEAM]).,[COACH] has decided to make a change. [PLAYER] ([TEAM]) replaces [PLAYER].
england_epl_2016-2017,2017-05-06 - 17-00 Leicester 3 - 0 Watford,2,2256,,"[PLAYER] ([TEAM]) plays in a hopeful cross, but it doesn't find its way to any of the attacking players.",[PLAYER] ([TEAM]) fails to pick out one of his defenders with a poor cross. The ball goes out of play and [TEAM] will have a goal kick.
england_epl_2016-2017,2017-05-06 - 17-00 Leicester 3 - 0 Watford,2,1953,substitution,Substitution. [PLAYER] did his best and is replaced by [PLAYER] ([TEAM]).,"[PLAYER] ([TEAM]) slaloms his way past challenges, but an opposing player does well to get the ball away from him. The referee points to the corner flag and [TEAM] will have a chance to strike from the left side of the pitch."
england_epl_2016-2017,2017-05-06 - 17-00 Leicester 3 - 0 Watford,2,1889,,"[PLAYER] ([TEAM]) wastes a great chance from the resulting corner. He times his header superbly when he leaps high to meet a precise cross, but can't aim better than into the middle of the goal, straight into the arms of the goalkeeper.","[PLAYER] ([TEAM]) swings in a cross from the corner, but [PLAYER] reads it well and gathers the ball."
england_epl_2016-2017,2017-05-06 - 17-00 Leicester 3 - 0 Watford,2,1885,corner,The referee awards a corner and [PLAYER] ([TEAM]) goes over to take it.,[PLAYER] ([TEAM]) takes a short corner kick.
england_epl_2016-2017,2017-05-06 - 17-00 Leicester 3 - 0 Watford,2,1861,,"[PLAYER] ([TEAM]) receives a low pass just outside the box and unleashes a fine strike towards the roof of the net. [PLAYER] pulls off a reflexive save to block his effort. Nice goalkeeping skill, indeed. [TEAM] win a corner.",[PLAYER] ([TEAM]) makes a yard for himself inside the box and unleashes a shot which is well saved by the goalkeeper. The ball goes out of play. [TEAM] are awarded a corner kick.
england_epl_2016-2017,2017-05-06 - 17-00 Leicester 3 - 0 Watford,2,1803,,"[PLAYER] ([TEAM]) finds himself beyond the last defender, but the game is stopped by the referee after the linesman signals for offside.","[PLAYER] ([TEAM]) takes the shot from the edge of the box, but it goes just wide of the left post. The ball goes out of play and [TEAM] will have a goal kick."
england_epl_2016-2017,2017-05-06 - 17-00 Leicester 3 - 0 Watford,2,1792,,"[PLAYER] ([TEAM]) meets a delivery on the edge of the penalty area and shoots towards the top of the net. He didn't put enough power into the effort, though, and [PLAYER] produces an easy save.",[PLAYER] ([TEAM]) tries his luck from the edge of the box after receiving a good pass.
england_epl_2016-2017,2017-05-06 - 17-00 Leicester 3 - 0 Watford,2,1740,,"[PLAYER] ([TEAM]) unleashed a monstrous piledriver. He controlled a pass, glanced up at goal and shot from the edge of the box. It could have been a difficult one for the keeper, but the ball fortunately hit one of the defenders and ball bounced away.","[PLAYER] ([TEAM]) sends a lofted cross into the penalty area, but the opposition's defence manages to clear the ball to safety."
england_epl_2016-2017,2017-05-06 - 17-00 Leicester 3 - 0 Watford,2,1600,substitution,Substitution. [PLAYER] is replaced by [PLAYER] ([TEAM]).,"[PLAYER] ([TEAM]) sends the ball into the box from the free kick, but the defender gets there first to intercept."
england_epl_2016-2017,2017-05-06 - 17-00 Leicester 3 - 0 Watford,2,1569,,[PLAYER] ([TEAM]) failed to convert a mid-range free kick and sends the ball narrowly over the bar.,"[PLAYER] ([TEAM]) takes the free kick from the edge of the box, but his effort only finds the arms of [PLAYER]. [TEAM] will have a chance to score from the resulting free kick."
england_epl_2016-2017,2017-05-06 - 17-00 Leicester 3 - 0 Watford,2,1463,,What a big chance! [PLAYER] ([TEAM]) picks up an inch-perfect pass inside the box and skies the ball well over the bar.,"[PLAYER] ([TEAM]) makes a yard for himself on the edge of the box after picking up a pass, but produces a poor effort that goes high over the bar. The ball is off of the pitch and it's a goal kick for [TEAM]."
england_epl_2016-2017,2017-05-06 - 17-00 Leicester 3 - 0 Watford,2,1390,corner,"[PLAYER] ([TEAM]) whips in the corner, but one of the defending players gets a head on it and intercepts.",[PLAYER] ([TEAM]) takes the corner but only sends it into a huddle of the defenders and one of them makes a good clearance.
england_epl_2016-2017,2017-05-06 - 17-00 Leicester 3 - 0 Watford,2,1355,,[PLAYER] was forced into action to thwart [PLAYER] ([TEAM]). He found himself some space after latching on to a pass and unleashed a shot to the right post but couldn't beat the keeper.,"[PLAYER] ([TEAM]) attempts to slide the ball between the defender's and the goalkeeper's feet, but [PLAYER] is quick enough to react and stop the ball. The referee points to the corner flag. It's [PLAYER] ([TEAM]) who attempts to find the head of one of his teammates, but the ball goes out of play. [TEAM] will have an opportunity to threaten the opposition's goal."
england_epl_2016-2017,2017-05-06 - 17-00 Leicester 3 - 0 Watford,2,1285,substitution,A substitution has been made. [PLAYER] is replaced by [PLAYER] ([TEAM]).,[COACH] has decided to make a change. [PLAYER] ([TEAM]) replaces [PLAYER].
england_epl_2016-2017,2017-05-06 - 17-00 Leicester 3 - 0 Watford,2,1275,substitution,[COACH] prepares a substitution. [PLAYER] is replaced by [PLAYER] ([TEAM]).,[COACH] has decided to make a change. [PLAYER] ([TEAM]) replaces [PLAYER].
england_epl_2016-2017,2017-05-06 - 17-00 Leicester 3 - 0 Watford,2,999,substitution,Here's the change. [PLAYER] leaves the pitch and [PLAYER] ([TEAM]) comes on as a substitute.,[PLAYER] ([TEAM]) commits a foul after unfairly battling his opponent for the ball. [REFEREE] blows his whistle for an infringement.
england_epl_2016-2017,2017-05-06 - 17-00 Leicester 3 - 0 Watford,2,980,,"[PLAYER] ([TEAM]) sends a lofted cross into the penalty area. Unfortunately for him, the opponent's defence deals with his cross comfortably and intercepts it.","[PLAYER] ([TEAM]) sends a cross into the box, but an opposition player clears the ball to safety."
england_epl_2016-2017,2017-05-06 - 17-00 Leicester 3 - 0 Watford,2,737,soccer-ball,Goal! [PLAYER] ([TEAM]) fires the rebound into the bottom right corner after the ball breaks to him in the box. The score is 2:0.,"[PLAYER] ([TEAM]) gets to the ball on the edge of the box and unleashes a shot that goes straight into the back of the net, leaving the goalkeeper helpless."
england_epl_2016-2017,2017-05-06 - 17-00 Leicester 3 - 0 Watford,2,707,,The linesman signals that [PLAYER] ([TEAM]) is offside and the referee confirms the decision.,[PLAYER] ([TEAM]) is offside and the linesman raises his flag.
england_epl_2016-2017,2017-05-06 - 17-00 Leicester 3 - 0 Watford,2,620,,[PLAYER] ([TEAM]) fails to beat the offside trap and the linesman puts his flag up.,"[PLAYER] ([TEAM]) takes the corner kick and sends the ball among a huddle of players inside the penalty area, but one of the defenders clears it to safety."
england_epl_2016-2017,2017-05-06 - 17-00 Leicester 3 - 0 Watford,2,610,corner,A dangerous looking corner kick from [PLAYER] ([TEAM]) is cleared to safety by the defence.,[PLAYER] ([TEAM]) takes the corner kick but it's cleared before any of his teammates.
england_epl_2016-2017,2017-05-06 - 17-00 Leicester 3 - 0 Watford,2,596,,"[PLAYER] ([TEAM]) flights in the cross, but the defender is alert and clears to safety. The ball is out of play and [TEAM] manage to earn a corner.","[PLAYER] ([TEAM]) sends a beautiful cross into the penalty area, but the opposition's defence manages to clear the ball to safety. The ball is out of play and [TEAM] manage to earn a corner."
england_epl_2016-2017,2017-05-06 - 17-00 Leicester 3 - 0 Watford,2,549,,"[PLAYER] ([TEAM]) sends a teasing cross into the area, but [PLAYER] intercepts the ball.","[PLAYER] ([TEAM]) swings a cross into the box, but it's far too close to [PLAYER], who smothers the ball."
england_epl_2016-2017,2017-05-06 - 17-00 Leicester 3 - 0 Watford,2,350,,"[PLAYER] ([TEAM]) misses a good chance to score. A perfect cross into the box finds [PLAYER] ([TEAM]) who rises for a header, but he sends the ball well over the bar.","[PLAYER] ([TEAM]) makes space for himself inside the box and unleashes a shot towards the right post, but the goalkeeper makes a brilliant save to deny him. The referee points to the corner spot and [TEAM] will have an opportunity to threaten goal once again."
england_epl_2016-2017,2017-05-06 - 17-00 Leicester 3 - 0 Watford,2,231,,[PLAYER] ([TEAM]) latches on to an accurate pass into the box and immediately unleashes a low shot goalwards. His effort is well saved by the keeper.,"[PLAYER] ([TEAM]) darts into the penalty area to collect a pass, and he unleashes a shot which is saved by [PLAYER]."
england_epl_2016-2017,2017-05-06 - 17-00 Leicester 3 - 0 Watford,2,145,,"[PLAYER] ([TEAM]) sends a cross into the box, but [PLAYER] comes off his line to gather the ball.","[PLAYER] ([TEAM]) sends a teasing cross into the area, but [PLAYER] comes out to avert the danger."
england_epl_2016-2017,2017-05-06 - 17-00 Leicester 3 - 0 Watford,2,1,whistle,The game restarts for the second half.,The game restarts for the second half.
england_epl_2016-2017,2017-05-06 - 17-00 Leicester 3 - 0 Watford,2,0,time,We will have 1 min. of added time.,The game restarts for the second half.
england_epl_2016-2017,2017-05-06 - 17-00 Leicester 3 - 0 Watford,1,2495,corner,"[PLAYER] ([TEAM]) swings in the corner, but fails to find any of his teammates. One of the defenders reacts superbly to get it clear.","[PLAYER] ([TEAM]) takes the corner kick and sends the ball among a huddle of players inside the penalty area, but one of the defenders clears it to safety."
england_epl_2016-2017,2017-05-06 - 17-00 Leicester 3 - 0 Watford,1,2458,,"[PLAYER] ([TEAM]) latches on to a sweet pass on the edge of the box and unleashes a brilliant shot towards the goal, but he hits the crossbar!","[PLAYER] ([TEAM]) misses a good opportunity to score. T ([TEAM]) receives a pass on the edge of the box and shoots, but the ball goes a few inches wide of the right post. The ball is off of the pitch and it's a goal kick for [TEAM]."
england_epl_2016-2017,2017-05-06 - 17-00 Leicester 3 - 0 Watford,1,2269,soccer-ball,Goal! [PLAYER] ([TEAM]) fires the rebound into the roof of the net after the ball breaks to him in the box. The score is 1:0.,[PLAYER] ([TEAM]) will take a corner kick.
england_epl_2016-2017,2017-05-06 - 17-00 Leicester 3 - 0 Watford,1,2264,corner,"A horde of players are waiting inside the penalty area for a cross from the corner, but [PLAYER] ([TEAM]) takes it short.","[PLAYER] ([TEAM]) takes the corner kick and sends a lovely ball into the penalty box, but it fails to find any of the attacking players. The ball goes out of play. The referee made the right call and decided to award a corner kick to [TEAM]."
england_epl_2016-2017,2017-05-06 - 17-00 Leicester 3 - 0 Watford,1,2239,,"[PLAYER] ([TEAM]) takes the free kick from the edge of the box, but the goalkeeper perfectly sets up the defensive wall and his effort is thwarted. The linesman makes the right call and [TEAM] will have a corner.","[PLAYER] ([TEAM]) smashes the ball towards goal from the edge of the penalty box, but it fails to bother the goalkeeper as it hits the defensive wall. [TEAM] get a corner."
england_epl_2016-2017,2017-05-06 - 17-00 Leicester 3 - 0 Watford,1,2176,,[PLAYER] ([TEAM]) carelessly slides into the feet of his opponent and he'll be lucky to avoid punishment. [REFEREE] blows for the foul but keeps his cards in his pocket on this occasion. [TEAM] are awarded a free kick from a dangerous position.,[PLAYER] ([TEAM]) commits a foul after [REFEREE] saw he handled the ball.
england_epl_2016-2017,2017-05-06 - 17-00 Leicester 3 - 0 Watford,1,2129,,"[PLAYER] ([TEAM]) connected with a pass around the edge of the box, aimed and shot. His attempt went towards the left-hand post, but [PLAYER] was alert and the score remains the same.","[PLAYER] ([TEAM]) sends a cross into the box, but [PLAYER] comes out to claim the ball."
england_epl_2016-2017,2017-05-06 - 17-00 Leicester 3 - 0 Watford,1,1988,,[PLAYER] ([TEAM]) receives a precise pass on the edge of the box and bends his effort inches wide of the left post.,[PLAYER] ([TEAM]) misses a good chance to score. He latches on to a pass near the penalty spot and sends a shot just wide of the right post. The ball is off of the pitch and it's a goal kick for [TEAM].
england_epl_2016-2017,2017-05-06 - 17-00 Leicester 3 - 0 Watford,1,1799,,An opponent rises to his feet after being downed by [PLAYER] ([TEAM]). [REFEREE] saw the sliding tackle and blows for a foul.,"[PLAYER] ([TEAM]) sends a cross into the box, but it's far too close to [PLAYER], who intercepts the ball."
england_epl_2016-2017,2017-05-06 - 17-00 Leicester 3 - 0 Watford,1,1703,,"[PLAYER] ([TEAM]) was in a good shooting position inside the six-yard box and produced a first-time shot towards the inside of the right post, but the goalkeeper made an astonishing save to thwart him.","[PLAYER] ([TEAM]) fires in a shot from the edge of the box, but the ball is blocked by the defender. [TEAM] have been awarded a corner kick. [TEAM] will try to score from the corner kick."
england_epl_2016-2017,2017-05-06 - 17-00 Leicester 3 - 0 Watford,1,1592,,[PLAYER] ([TEAM]) is unable to feed a through ball into the path of his teammates. The ball goes out of play and [TEAM] will have a goal kick.,"[PLAYER] ([TEAM]) sends a cross into the box, but the opposition's defence clears the ball to safety."
england_epl_2016-2017,2017-05-06 - 17-00 Leicester 3 - 0 Watford,1,1487,,[PLAYER] ([TEAM]) latches on to an accurate pass on the edge of the box and immediately unleashes a shot which is wide of the mark.,[PLAYER] ([TEAM]) goes for goal with a shot from the edge of the box but it's well blocked. The ball is off of the pitch and it's a goal kick for [TEAM].
england_epl_2016-2017,2017-05-06 - 17-00 Leicester 3 - 0 Watford,1,1440,corner,The corner from [PLAYER] ([TEAM]) is hurriedly cleared.,"[PLAYER] ([TEAM]) takes the corner, but the opposition's defence is ready and clears the ball to safety."
england_epl_2016-2017,2017-05-06 - 17-00 Leicester 3 - 0 Watford,1,1400,,[PLAYER] ([TEAM]) produces a lovely ball into the penalty area but the defender manages to intercept and comfortably averts the danger. The referee signals a corner kick to [TEAM].,[PLAYER] ([TEAM]) is offside and the linesman raises his flag.
england_epl_2016-2017,2017-05-06 - 17-00 Leicester 3 - 0 Watford,1,1241,,"[PLAYER] ([TEAM]) serves up a nice cross, but [PLAYER] punches the ball away.","[PLAYER] ([TEAM]) sends over a cross from the edge of the penalty area, but the ball is intercepted."
england_epl_2016-2017,2017-05-06 - 17-00 Leicester 3 - 0 Watford,1,1058,,[PLAYER] ([TEAM]) connects with a cross from the free kick inside the six-yard box and attempts to score with his foot. He hits one of the defenders and the ball ricochets onto the post off him.,"[PLAYER] ([TEAM]) crosses the ball into the box from the free kick, but [PLAYER] is alert and clears it away."
england_epl_2016-2017,2017-05-06 - 17-00 Leicester 3 - 0 Watford,1,1012,,[TEAM] are awarded the free kick.,[REFEREE] blows his whistle. [PLAYER] ([TEAM]) commits a foul after dangerous play.
england_epl_2016-2017,2017-05-06 - 17-00 Leicester 3 - 0 Watford,1,785,,[PLAYER] ([TEAM]) is adjudged offside.,"[PLAYER] ([TEAM]) latches on to a fine cross in the box, but fails to hit the target. The ball is off of the pitch and it's a goal kick for [TEAM]."
england_epl_2016-2017,2017-05-06 - 17-00 Leicester 3 - 0 Watford,1,758,,[PLAYER] ([TEAM]) receives a pass and unleashes a shot which goes well wide of the right post.,"[PLAYER] ([TEAM]) unleashes a shot from the edge of the box, but it's a poor effort and goes high over the bar. The ball is off of the pitch and it's a goal kick for [TEAM]."
england_epl_2016-2017,2017-05-06 - 17-00 Leicester 3 - 0 Watford,1,740,,"[PLAYER] ([TEAM]) meets a cross inside the box, but [PLAYER] wins the battle for the ball and the chance is gone.","[PLAYER] ([TEAM]) takes a shot from the edge of the box, but his effort goes high over the bar."
england_epl_2016-2017,2017-05-06 - 17-00 Leicester 3 - 0 Watford,1,583,corner,[PLAYER] ([TEAM]) takes the corner but only sends it into a huddle of the defenders and one of them makes a good clearance.,"[PLAYER] ([TEAM]) takes the corner, but the opposition's defence is ready and clears the ball to safety."
england_epl_2016-2017,2017-05-06 - 17-00 Leicester 3 - 0 Watford,1,338,,The linesman raises his flag. [PLAYER] ([TEAM]) is adjudged offside.,"[PLAYER] ([TEAM]) sends a cross into the box, but the opposition's defence clears the ball to safety. The ball goes out of play. [TEAM] are awarded a corner kick."
england_epl_2016-2017,2017-01-21 - 15-30 Liverpool 2 - 3 Swansea,2,2918,substitution,The substitution has been made. [PLAYER] ([TEAM]) has replaced [PLAYER].,[PLAYER] ([TEAM]) is offside and the linesman raises his flag.
england_epl_2016-2017,2017-01-21 - 15-30 Liverpool 2 - 3 Swansea,2,2918,substitution,Here is a change. [PLAYER] is going off and [COACH] gives the last tactical orders to [PLAYER] ([TEAM]).,[PLAYER] ([TEAM]) is offside and the linesman raises his flag.
england_epl_2016-2017,2017-01-21 - 15-30 Liverpool 2 - 3 Swansea,2,2913,,The linesman raises his flag as one of the players from [TEAM] was in an offside position.,"[PLAYER] ([TEAM]) sends a crossfield pass, but it's cut out by the defence."
england_epl_2016-2017,2017-01-21 - 15-30 Liverpool 2 - 3 Swansea,2,2823,injury,"[PLAYER] ([TEAM]) requires medical treatment, so the referee stops play and signals for the physio to come onto the pitch.","[PLAYER] ([TEAM]) sends a cross into the box, but [PLAYER] comes out to intercept."
england_epl_2016-2017,2017-01-21 - 15-30 Liverpool 2 - 3 Swansea,2,2812,,"[PLAYER] ([TEAM]) sends a teasing cross into the area, but [PLAYER] intercepts the ball.",[PLAYER] ([TEAM]) sends the ball into the box but the ball is cleared.
england_epl_2016-2017,2017-01-21 - 15-30 Liverpool 2 - 3 Swansea,2,2796,,"[PLAYER] ([TEAM]) has picked up a minor injury, but it looks like he will be able to continue.",[PLAYER] ([TEAM]) is unable to continue and has been replaced by [PLAYER] ([TEAM]).
england_epl_2016-2017,2017-01-21 - 15-30 Liverpool 2 - 3 Swansea,2,2788,injury,"The game is interrupted now, [PLAYER] ([TEAM]) picks up a knock and the physio has to come on.",[PLAYER] ([TEAM]) is forced off the pitch as he suffers an injury. He is replaced by [PLAYER] ([TEAM]).
england_epl_2016-2017,2017-01-21 - 15-30 Liverpool 2 - 3 Swansea,2,2651,y-card,[PLAYER] ([TEAM]) goes in the referee's notebook after being shown a yellow card.,[PLAYER] ([TEAM]) has tested the patience of referee [REFEREE] and goes into the book for a previous late challenge.
england_epl_2016-2017,2017-01-21 - 15-30 Liverpool 2 - 3 Swansea,2,2563,,"[PLAYER] ([TEAM]) sends a cross into the box from the free kick, but his effort lacks accuracy and goes well out of play.","[PLAYER] ([TEAM]) takes the resultant free kick from the edge of the box, but his effort goes just wide of the right post."
england_epl_2016-2017,2017-01-21 - 15-30 Liverpool 2 - 3 Swansea,2,2447,,"[PLAYER] ([TEAM]) connects with a cross and powers a header goalwards, but his effort goes just over the bar.","[PLAYER] ([TEAM]) sends a cross into the penalty area, but [PLAYER] reads the game well and comes out to intercept the ball."
england_epl_2016-2017,2017-01-21 - 15-30 Liverpool 2 - 3 Swansea,2,2444,,"[PLAYER] ([TEAM]) finds himself in a promising position after receiving a precise pass. He pulls the trigger but only hits one of the opposition, who gets in the way of his effort.","[PLAYER] ([TEAM]) sends a cross into the box, but [PLAYER] comes out to claim the ball."
england_epl_2016-2017,2017-01-21 - 15-30 Liverpool 2 - 3 Swansea,2,2367,substitution,The referee stops play so that a substitution can be made and [PLAYER] trots off the pitch and is replaced by [PLAYER] ([TEAM]).,[PLAYER] ([TEAM]) sees a yellow card from [REFEREE] after he sent one of the opposing players to the ground.
england_epl_2016-2017,2017-01-21 - 15-30 Liverpool 2 - 3 Swansea,2,2343,,[PLAYER] ([TEAM]) should know this behaviour is beyond the rules. He was too careless with his challenge and left [REFEREE] no option but to blow his whistle.,"[PLAYER] ([TEAM]) goes on a solo run, beating his opponent, but his shot is blocked."
england_epl_2016-2017,2017-01-21 - 15-30 Liverpool 2 - 3 Swansea,2,2341,,"[PLAYER] ([TEAM]) decides to strike the ball towards goal, but his effort fails to threaten the goalkeeper after being well blocked by one of the defenders.",[PLAYER] ([TEAM]) is penalised for a foul. [REFEREE] had a clear view and blows his whistle.
england_epl_2016-2017,2017-01-21 - 15-30 Liverpool 2 - 3 Swansea,2,2236,,[PLAYER] ([TEAM]) sends in a pass which fails to reach any of his teammates.,[PLAYER] ([TEAM]) has been shown a yellow card by the referee for a foul.
england_epl_2016-2017,2017-01-21 - 15-30 Liverpool 2 - 3 Swansea,2,2164,corner,"[PLAYER] ([TEAM]) takes the corner kick and sends a lovely ball into the penalty area, but the opposition's defence is ready and knocks the ball to safety.","[PLAYER] ([TEAM]) takes the corner kick and sends the ball among a huddle of players inside the penalty box, but one of the defenders clears it to safety."
england_epl_2016-2017,2017-01-21 - 15-30 Liverpool 2 - 3 Swansea,2,2141,,Great solo effort by [PLAYER] ([TEAM]) as he beats two defenders before firing in a drive from just outside of the box towards the roof of the net. The goalkeeper is ready and makes an amazing save. [TEAM] force a corner. Their opponents will face another attacking threat.,"[PLAYER] ([TEAM]) tries his luck with a shot from a long way out, but it goes just wide of the right post."
england_epl_2016-2017,2017-01-21 - 15-30 Liverpool 2 - 3 Swansea,2,2009,substitution,Today's match ends for [PLAYER] who will be replaced by [PLAYER] ([TEAM]).,"[PLAYER] ([TEAM]) attempts to find his teammate with a pass from outside the box, but the opposition's defence clears the danger averted. The referee points to the corner flag. It's a goal kick for the home team."
england_epl_2016-2017,2017-01-21 - 15-30 Liverpool 2 - 3 Swansea,2,1993,,"[PLAYER] ([TEAM]) attempted to create a dangerous situation in front of goal by sending a cross into the box, but the defence easily dealt with the threat.","[PLAYER] ([TEAM]) goes on a solo run, but he fails to create a chance as an opposition player blocks him."
england_epl_2016-2017,2017-01-21 - 15-30 Liverpool 2 - 3 Swansea,2,1897,,[PLAYER] can hear the fans clapping for his superb goalkeeping after he magnificently stops the close-range effort from [PLAYER] ([TEAM]). The ball would have probably ended up low inside the middle of the net.,"[PLAYER] ([TEAM]) takes the corner, but the opposition's defence is ready and clears the ball to safety."
england_epl_2016-2017,2017-01-21 - 15-30 Liverpool 2 - 3 Swansea,2,1892,corner,[PLAYER] ([TEAM]) will take a corner kick.,"[PLAYER] ([TEAM]) swings in a cross from the corner, but the defence is ready and clears the ball to safety. [TEAM] will take a corner kick."
england_epl_2016-2017,2017-01-21 - 15-30 Liverpool 2 - 3 Swansea,2,1870,corner,"The ball is whipped in from the corner by [PLAYER] ([TEAM]), but one of the defenders gets it clear.",[PLAYER] ([TEAM]) takes the corner kick but the ball only finds the head of an opponent.
england_epl_2016-2017,2017-01-21 - 15-30 Liverpool 2 - 3 Swansea,2,1847,,"[PLAYER] ([TEAM]) attempts to find the head of one of his teammates with a promising cross into the box, but a defender outjumps the attackers and averts the threat. The referee blows his whistle, [TEAM] are awarded a corner kick.","[PLAYER] ([TEAM]) attempts to send a pass into the penalty area, but the opposition's defence manages to intercept the effort."
england_epl_2016-2017,2017-01-21 - 15-30 Liverpool 2 - 3 Swansea,2,1716,soccer-ball,Goal! [PLAYER] ([TEAM]) was in the right place at the right time to get to the rebound inside the box and gleefully rifles the ball into the right side of the goal. It's 2:3.,"Goal! [PLAYER] displays great vision and sends a pass to [PLAYER] ([TEAM]), who shows brilliant composure inside the box to bury the ball in the back of the net. The score is 1:0."
england_epl_2016-2017,2017-01-21 - 15-30 Liverpool 2 - 3 Swansea,2,1673,,"[PLAYER] ([TEAM]) receives the ball from the set piece on the edge of the box, but fails to score because his shot is blocked.","[PLAYER] ([TEAM]) swings in a cross from the corner kick, but [TEAM] manage to clear the ball to safety."
england_epl_2016-2017,2017-01-21 - 15-30 Liverpool 2 - 3 Swansea,2,1623,,It looks like [PLAYER] ([TEAM]) saw red with that tackle. [REFEREE] won't tolerate such behaviour on the pitch and blows for a foul.,"[PLAYER] ([TEAM]) attempts to find his teammate with a pass from the edge of the box, but one of the defenders manages to intercept the ball."
england_epl_2016-2017,2017-01-21 - 15-30 Liverpool 2 - 3 Swansea,2,1617,,"[PLAYER] ([TEAM]) whips a promising cross into the box, but the opposition's defence intercepts the ball.","[PLAYER] ([TEAM]) sends a cross into the box, but the opposition's defence manages to clear the ball to safety."
england_epl_2016-2017,2017-01-21 - 15-30 Liverpool 2 - 3 Swansea,2,1588,,"[PLAYER] ([TEAM]) attempts to find one of his teammates with a fine lofted pass, but the defence reacts well to intercept the effort.","[PLAYER] ([TEAM]) sends a cross into the box, but the defender clears the ball to safety."
england_epl_2016-2017,2017-01-21 - 15-30 Liverpool 2 - 3 Swansea,2,1492,substitution,That will be all from [PLAYER] who is being replaced by the fresh legs of [PLAYER] ([TEAM]).,[PLAYER] ([TEAM]) is unable to continue. He was hit badly and will need to be substituted. [PLAYER] comes on to replace him.
england_epl_2016-2017,2017-01-21 - 15-30 Liverpool 2 - 3 Swansea,2,1424,soccer-ball,"Goal! [PLAYER] puts a cross into the box and finds [PLAYER] ([TEAM]), who latches on to it and strikes the ball inside the left post. He makes it 2:2.","Goal! [PLAYER] displays great vision and sends a pass to [PLAYER] ([TEAM]), who shows brilliant composure inside the box to bury the ball into the bottom left corner. The score is 1:0."
england_epl_2016-2017,2017-01-21 - 15-30 Liverpool 2 - 3 Swansea,2,1397,corner,"[PLAYER] ([TEAM]) swings in the corner, but fails to find any of his teammates. One of the defenders reacts superbly to get it clear.","[PLAYER] ([TEAM]) takes the corner, but the opposition's defence is ready and clears the ball to safety."
england_epl_2016-2017,2017-01-21 - 15-30 Liverpool 2 - 3 Swansea,2,1373,,"[PLAYER] ([TEAM]) delivers a lovely cross into the penalty area. Nevertheless, an opposition defender is alert and averts the danger with a brilliant clearance. The ball is out of play. [TEAM] will have a chance to score from a corner.","[PLAYER] ([TEAM]) attempts to find his teammate with a pass from the edge of the box, but the opposition's defence is quick to react and intercept the effort. The ball is out of play and the linesman points at the corner flag. Corner to [TEAM]."
england_epl_2016-2017,2017-01-21 - 15-30 Liverpool 2 - 3 Swansea,2,1274,,The foul by [PLAYER] ([TEAM]) was seen by [REFEREE] who didn't hesitate to blow the whistle.,[PLAYER] ([TEAM]) is penalised for a foul. [REFEREE] had a clear view and blows his whistle.
england_epl_2016-2017,2017-01-21 - 15-30 Liverpool 2 - 3 Swansea,2,1220,,"[PLAYER] ([TEAM]) rises above the defence to meet a cross from the corner. His timing is good, but he directs his header just a few inches wide of the left post.","[PLAYER] ([TEAM]) takes the corner, but he sends it straight into the middle of the park where one of the defenders is waiting to intercept."
england_epl_2016-2017,2017-01-21 - 15-30 Liverpool 2 - 3 Swansea,2,1219,corner,[PLAYER] ([TEAM]) looks like he will be the one to try and deliver a quality ball into the penalty box from the corner kick.,"[PLAYER] ([TEAM]) takes the corner and sends it into the penalty area, but the opposition's defence is ready and clears the ball to safety."
england_epl_2016-2017,2017-01-21 - 15-30 Liverpool 2 - 3 Swansea,2,1186,,[TEAM] spell of possession comes to an end after a mistake. [TEAM] have a corner.,The ball is cleared after [PLAYER] ([TEAM]) attempted to dribble past an opponent inside the box. [TEAM] win a corner.
england_epl_2016-2017,2017-01-21 - 15-30 Liverpool 2 - 3 Swansea,2,1157,,"[PLAYER] ([TEAM]) goes on a solo run, but he fails to create a chance as an opposition player blocks him.","[PLAYER] ([TEAM]) sends a beautiful cross into the penalty area, but the opposition's defence manages to clear the ball to safety."
england_epl_2016-2017,2017-01-21 - 15-30 Liverpool 2 - 3 Swansea,2,1004,,[PLAYER] ([TEAM]) sends a lofted cross into the box which is headed clear.,"[PLAYER] ([TEAM]) goes on a solo run, but he fails to create a chance as an opposition player blocks him."
england_epl_2016-2017,2017-01-21 - 15-30 Liverpool 2 - 3 Swansea,2,944,,[PLAYER] ([TEAM]) is able to continue to play.,[PLAYER] ([TEAM]) has tested the patience of referee [REFEREE] and goes into the book for a previous late challenge.
england_epl_2016-2017,2017-01-21 - 15-30 Liverpool 2 - 3 Swansea,2,868,injury,[PLAYER] ([TEAM]) is clearly asking for some medical attention with his painful gestures. The extent of his injury is yet to be discovered.,[PLAYER] ([TEAM]) is penalised for a foul. [REFEREE] had a clear view and blows his whistle.
england_epl_2016-2017,2017-01-21 - 15-30 Liverpool 2 - 3 Swansea,2,769,,"A neat pass is well received by [PLAYER] ([TEAM]), who is lurking on the edge of the box and strikes the ball towards the bottom left corner, but the goalkeeper makes an incredible save to block his shot.","[PLAYER] ([TEAM]) receives a low pass just outside the box, controls the ball and shoots towards the middle of the goal. [PLAYER] makes a save to stop the ball from going into the top of the middle of the goal."
england_epl_2016-2017,2017-01-21 - 15-30 Liverpool 2 - 3 Swansea,2,742,,"[PLAYER] ([TEAM]) sends a cross into the box, but the opposition's defence quickly intercepts the ball.","[PLAYER] ([TEAM]) sends a cross into the box, but the opposition's defence manages to clear the ball to safety."
england_epl_2016-2017,2017-01-21 - 15-30 Liverpool 2 - 3 Swansea,2,645,substitution,Substitution. [PLAYER] ([TEAM]) on for [PLAYER].,[PLAYER] ([TEAM]) is unable to continue and is replaced by [PLAYER] ([TEAM]).
england_epl_2016-2017,2017-01-21 - 15-30 Liverpool 2 - 3 Swansea,2,629,,[PLAYER] ([TEAM]) commits a foul during an attacking move.,"[PLAYER] ([TEAM]) goes on a solo run, but his strike from inside the box is blocked by a defender."
england_epl_2016-2017,2017-01-21 - 15-30 Liverpool 2 - 3 Swansea,2,558,soccer-ball,"[PLAYER] produces a beautiful lofted cross into the box, where [PLAYER] ([TEAM]) rises high to head the ball into the bottom left corner and beyond the goalkeeper. He makes it 1:2.",Goal! [PLAYER] ([TEAM]) was in the right place at the right time to get on the end of a pass on the edge of the box and he fires the ball into the back of the net. 1:0.
england_epl_2016-2017,2017-01-21 - 15-30 Liverpool 2 - 3 Swansea,2,403,soccer-ball,It's a goal! [PLAYER] ([TEAM]) makes it 0:2. He jumped highest to connect with a perfect cross from [PLAYER] and planted his close-range header low into the middle of the goal. [PLAYER] was helpless.,"Goal! [PLAYER] displays great vision and sends a pass to [PLAYER] ([TEAM]), who shows brilliant composure inside the box to bury the ball into the back of the net. The score is 1:0."
england_epl_2016-2017,2017-01-21 - 15-30 Liverpool 2 - 3 Swansea,2,324,,[PLAYER] ([TEAM]) passes the ball into the box but an opposing player clears.,"[PLAYER] ([TEAM]) takes the corner and sends it into the penalty area, but the opposition's defence manages to clear the ball to safety."
england_epl_2016-2017,2017-01-21 - 15-30 Liverpool 2 - 3 Swansea,2,124,soccer-ball,Goal! [PLAYER] ([TEAM]) pounced on a loose ball inside the box and beats the goalkeeper with a shot inside the left post. He makes it 0:1.,[PLAYER] ([TEAM]) is about to be substituted. He has been replaced by the fresh legs of [PLAYER] ([TEAM]).
england_epl_2016-2017,2017-01-21 - 15-30 Liverpool 2 - 3 Swansea,2,120,corner,[PLAYER] ([TEAM]) will deliver the corner kick.,[PLAYER] ([TEAM]) goes over to take a corner kick after one of the defenders makes a good clearance to clear the ball to safety.
england_epl_2016-2017,2017-01-21 - 15-30 Liverpool 2 - 3 Swansea,2,90,,"[PLAYER] ([TEAM]) delivers a fine lofted cross into the penalty area, but it's cleared by an opposing player. [TEAM] force a corner. They send men into the box.","[PLAYER] ([TEAM]) swings in a cross, but [PLAYER] clears the ball to [PLAYER] ([TEAM]), who has no time to get completely free inside the box and misses the ball."
england_epl_2016-2017,2017-01-21 - 15-30 Liverpool 2 - 3 Swansea,2,74,,"[PLAYER] ([TEAM]) looks to break free, but an opposing player clears the ball away.","[PLAYER] ([TEAM]) sends a cross into the box, but one of the defenders steps in and averts the danger."
england_epl_2016-2017,2017-01-21 - 15-30 Liverpool 2 - 3 Swansea,2,1,whistle,The second half has just started.,Everything is set for the start of the second half.
england_epl_2016-2017,2017-01-21 - 15-30 Liverpool 2 - 3 Swansea,1,2642,,"[PLAYER] ([TEAM]) looks to break free, but his touch lets him down and he loses the ball.","[PLAYER] ([TEAM]) goes on a solo run, but he fails to create a chance as an opposition player blocks him. The referee points to the corner flag. [TEAM] will have an opportunity to threaten the opposition's goal."
england_epl_2016-2017,2017-01-21 - 15-30 Liverpool 2 - 3 Swansea,1,2592,,[PLAYER] ([TEAM]) is adjudged to have been offside when making his run.,[PLAYER] ([TEAM]) is offside and the linesman raises his flag.
england_epl_2016-2017,2017-01-21 - 15-30 Liverpool 2 - 3 Swansea,1,2551,,A cross into the box from [PLAYER] ([TEAM]) is cleared.,"[PLAYER] ([TEAM]) sends the ball into the box to one of his teammates, but it's far too close to the goalkeeper, who comes out to smother the threat."
england_epl_2016-2017,2017-01-21 - 15-30 Liverpool 2 - 3 Swansea,1,2435,,"[PLAYER] ([TEAM]) had a good opportunity when he latched on to a cross from the wing, but his header wasn't accurate at all and the ball went well wide of the right post.","[PLAYER] ([TEAM]) is quick to take advantage of a neat through ball, but he fails to hit the target with his shot from the edge of the box."
england_epl_2016-2017,2017-01-21 - 15-30 Liverpool 2 - 3 Swansea,1,2318,,"[PLAYER] ([TEAM]) has an effort on goal, but he misses to the right of the goal.","[PLAYER] ([TEAM]) makes a yard for himself on the edge of the box after [PLAYER] picks out [PLAYER] ([TEAM]). His shot, however, goes high over the crossbar. The ball goes out of play and [TEAM] will have a goal kick."
england_epl_2016-2017,2017-01-21 - 15-30 Liverpool 2 - 3 Swansea,1,2165,,[PLAYER] ([TEAM]) wins the ball inside the goal area from the resulting set piece and unleashes a shot which sails high over the bar.,[PLAYER] ([TEAM]) is off the pitch and ([TEAM]) is on in his place.
england_epl_2016-2017,2017-01-21 - 15-30 Liverpool 2 - 3 Swansea,1,2122,y-card,[REFEREE] shows a yellow card to [PLAYER] ([TEAM]) for his blatant foul.,[PLAYER] ([TEAM]) is booked after bringing down an opponent. [REFEREE] had an easy decision to make.
england_epl_2016-2017,2017-01-21 - 15-30 Liverpool 2 - 3 Swansea,1,1963,corner,"The resulting corner, taken by [PLAYER] ([TEAM]), comes to nothing.","[PLAYER] ([TEAM]) swings in the corner, but fails to produce a clear cut chance as one of the defenders clears the ball to safety."
england_epl_2016-2017,2017-01-21 - 15-30 Liverpool 2 - 3 Swansea,1,1932,,"[PLAYER] ([TEAM]) bursts into the box and pulls the trigger, but he can't beat the goalkeeper. He directed his shot towards the right post, but one of the defenders reacted brilliantly to block it. [TEAM] force their opponents to concede a corner.","[PLAYER] ([TEAM]) makes a yard for himself on the edge of the box after picking up a pass, but produces a poor effort that goes high over the bar. The ball is off of the pitch and it's a goal kick for [TEAM]."
england_epl_2016-2017,2017-01-21 - 15-30 Liverpool 2 - 3 Swansea,1,1759,,A cross is clipped into the penalty area by [PLAYER] ([TEAM]) but poses no threat.,"[PLAYER] ([TEAM]) sends a cross into the box, but it's far too close to [PLAYER], who gathers the ball with ease."
england_epl_2016-2017,2017-01-21 - 15-30 Liverpool 2 - 3 Swansea,1,1649,,[PLAYER] ([TEAM]) commits a rough foul. [REFEREE] stops the game and makes a call.,[PLAYER] ([TEAM]) is penalised for a foul. [REFEREE] had a clear view and blows his whistle right away.
england_epl_2016-2017,2017-01-21 - 15-30 Liverpool 2 - 3 Swansea,1,1611,,"[PLAYER] ([TEAM]) put a cross into the box which wasn't a bad decision, but he failed to achieve what he wanted as none of his teammates managed to meet it.","[PLAYER] ([TEAM]) sends a cross into the box, but [PLAYER] comes out to cut it out. [TEAM] have been awarded a corner kick."
england_epl_2016-2017,2017-01-21 - 15-30 Liverpool 2 - 3 Swansea,1,1461,,Flag goes up against [PLAYER] ([TEAM]) and the referee blows his whistle for offside.,[PLAYER] ([TEAM]) is offside and the flag is raised by the linesman.
england_epl_2016-2017,2017-01-21 - 15-30 Liverpool 2 - 3 Swansea,1,1380,,[PLAYER] ([TEAM]) produces a lovely ball into the penalty area but the defender manages to intercept and comfortably averts the danger.,"[PLAYER] ([TEAM]) sends a cross into the box, but the opposition's defence clears the ball to safety."
england_epl_2016-2017,2017-01-21 - 15-30 Liverpool 2 - 3 Swansea,1,1336,,A pass from [PLAYER] ([TEAM]) is intercepted by [PLAYER] and the move breaks down.,"[PLAYER] ([TEAM]) sends the ball into the box from the edge of the penalty area, but it's too close to [PLAYER], who makes a great save to stop it."
england_epl_2016-2017,2017-01-21 - 15-30 Liverpool 2 - 3 Swansea,1,1142,corner,"[PLAYER] ([TEAM]) launches the ball from the resulting corner, but one of the defenders is first to the ball and deals with the threat.",[PLAYER] ([TEAM]) takes the corner kick but the ball only finds the head of an opponent.
england_epl_2016-2017,2017-01-21 - 15-30 Liverpool 2 - 3 Swansea,1,1120,,[PLAYER] ([TEAM]) tries his luck and takes a shot from inside the box. His effort on goal is blocked by a defender. The linesman makes the right call and [TEAM] will have a corner.,"[PLAYER] ([TEAM]) receives a brilliant pass inside the box and tries to score from close range, but the goalkeeper makes an excellent save to stop the ball from going into the right side of the net. The referee and his assistant both point at the corner flag. [TEAM] will have an opportunity to threaten the opposition's goal."
england_epl_2016-2017,2017-01-21 - 15-30 Liverpool 2 - 3 Swansea,1,1039,,[PLAYER] ([TEAM]) fails to pick a body out in the box with an over-hit cross to the back post.,"[PLAYER] ([TEAM]) swings in a cross, but the ball is cleared to safety by one of the defending players."
england_epl_2016-2017,2017-01-21 - 15-30 Liverpool 2 - 3 Swansea,1,964,,"[PLAYER] ([TEAM]) receives a lofted pass from the flank and shoots from close range, but the ball flies just over the crossbar, almost brushing it.","[PLAYER] ([TEAM]) is first to a lofted pass inside the box, but he cannot find the target as the ball goes just wide of the right post."
england_epl_2016-2017,2017-01-21 - 15-30 Liverpool 2 - 3 Swansea,1,900,,The cross into the penalty area from [PLAYER] ([TEAM]) needed to be more accurate in order to create a goal-scoring opportunity for his team.,"[PLAYER] ([TEAM]) is first to a lofted goal kick inside the box, but he can't find the target."
england_epl_2016-2017,2017-01-21 - 15-30 Liverpool 2 - 3 Swansea,1,799,corner,[PLAYER] ([TEAM]) takes the corner but fails to find any of his teammates as he overhits the effort.,[PLAYER] ([TEAM]) takes the corner kick but only sends it into a huddle of the defenders.
england_epl_2016-2017,2017-01-21 - 15-30 Liverpool 2 - 3 Swansea,1,774,,"[PLAYER] ([TEAM]) flights in the cross, but the defender is alert and clears to safety. [TEAM] earn a corner.","[PLAYER] ([TEAM]) sends a beautiful cross into the penalty area, but the opposition's defence manages to clear the ball to safety. The ball goes out of play and [TEAM] have been awarded a corner kick."
england_epl_2016-2017,2017-01-21 - 15-30 Liverpool 2 - 3 Swansea,1,650,,"[PLAYER] ([TEAM]) sends a cross into the box, but [PLAYER] comes off his line to gather the ball.","[PLAYER] ([TEAM]) sends a cross into the box, but one of the defenders steps in and intercepts the ball."
england_epl_2016-2017,2016-10-15 - 14-30 Chelsea 3 - 0 Leicester,2,2650,,Excellent touch by [PLAYER] ([TEAM])! He latches on to a precise pass on the edge of the box and produces a shot goalwards which goes way wide of the left post.,"[PLAYER] ([TEAM]) makes a yard for himself inside the box after [PLAYER] played a pass into the box, but produces a poor effort that goes well wide of the right post."
england_epl_2016-2017,2016-10-15 - 14-30 Chelsea 3 - 0 Leicester,2,2599,,"[PLAYER] ([TEAM]) dinks a cross into the box in an attempt to find one of his teammates, but the defence manages to clear.",[PLAYER] ([TEAM]) tries to send a pass but it's blocked by one of the defending players.
england_epl_2016-2017,2016-10-15 - 14-30 Chelsea 3 - 0 Leicester,2,2410,,"[PLAYER] ([TEAM]) attempts to find the head of one of his teammates with a promising cross into the box, but a defender outjumps the attackers and averts the threat.","[PLAYER] ([TEAM]) takes the corner kick and sends a lovely ball into the penalty area, but the opposition's defence is ready and knocks the ball to safety."
england_epl_2016-2017,2016-10-15 - 14-30 Chelsea 3 - 0 Leicester,2,2396,corner,[PLAYER] ([TEAM]) decides to speed play up with a short corner kick.,"[PLAYER] ([TEAM]) takes the corner, but the opposition's defence is ready and clears the ball to safety."
england_epl_2016-2017,2016-10-15 - 14-30 Chelsea 3 - 0 Leicester,2,2378,corner,[PLAYER] ([TEAM]) floats the ball in from the corner but it's intercepted. [TEAM] have a corner.,"[PLAYER] ([TEAM]) takes the corner, but the defence is ready and clears the ball to safety. [TEAM] will have a chance to score from a corner kick."
england_epl_2016-2017,2016-10-15 - 14-30 Chelsea 3 - 0 Leicester,2,2352,,"[PLAYER] ([TEAM]) finds himself in a promising position after receiving a precise pass. He pulls the trigger but only hits one of the opposition, who gets in the way of his effort. The linesman makes the right call and [TEAM] will have a corner.","[PLAYER] ([TEAM]) fires the ball at goal from the edge of the box, but it's well blocked by one of the defenders. The ball goes out for a corner. [TEAM] have been awarded a corner kick. The referee and his assistant both point at the corner of the field."
england_epl_2016-2017,2016-10-15 - 14-30 Chelsea 3 - 0 Leicester,2,2311,,"[PLAYER] ([TEAM]) serves up a nice cross, but [PLAYER] punches the ball away.","[PLAYER] ([TEAM]) sends a cross into the box, but the opposition's defence clears the ball to safety."
england_epl_2016-2017,2016-10-15 - 14-30 Chelsea 3 - 0 Leicester,2,2243,,"[PLAYER] ([TEAM]) latches on to a precise pass and one-on-one with the keeper slams the ball towards the right-hand post. [PLAYER] is alert, though, and leaps like a salmon to deny him.","[PLAYER] ([TEAM]) swings the ball into the box, but it's too close to [PLAYER], who gathers well."
england_epl_2016-2017,2016-10-15 - 14-30 Chelsea 3 - 0 Leicester,2,2179,substitution,Substitution. [PLAYER] ([TEAM]) has come on for [PLAYER].,[COACH] has decided to make a change. [PLAYER] ([TEAM]) replaces [PLAYER].
england_epl_2016-2017,2016-10-15 - 14-30 Chelsea 3 - 0 Leicester,2,2153,substitution,[COACH] has decided to substitute [PLAYER] and he is replaced by [PLAYER] ([TEAM]).,The referee signals a substitution. [PLAYER] ([TEAM]) is brought on as a substitute for [PLAYER].
england_epl_2016-2017,2016-10-15 - 14-30 Chelsea 3 - 0 Leicester,2,2069,soccer-ball,"Goal! [PLAYER] plays in [PLAYER] ([TEAM]), who shows great determination to get to the ball before a couple of defenders. He shoots from inside the box into the right side of the net! Great finish - 3:0.","Goal! [PLAYER] displays great vision and sends a pass to [PLAYER] ([TEAM]), who slots the ball into the back of the net. The score is 2:0."
england_epl_2016-2017,2016-10-15 - 14-30 Chelsea 3 - 0 Leicester,2,2007,corner,"[PLAYER] ([TEAM]) takes the corner and sends it into the penalty area, but the opposition's defence is ready and makes a good clearance.","[PLAYER] ([TEAM]) takes the corner, but the opposition's defence is ready and clears the ball to safety."
england_epl_2016-2017,2016-10-15 - 14-30 Chelsea 3 - 0 Leicester,2,1989,corner,"[PLAYER] ([TEAM]) takes the corner, but one of the defenders reacts well and rises highest to head the ball away. [TEAM] have been awarded a corner kick.","[PLAYER] ([TEAM]) takes the corner kick and sends a lovely ball into the penalty area, but the defence is ready and clears the danger."
england_epl_2016-2017,2016-10-15 - 14-30 Chelsea 3 - 0 Leicester,2,1957,,"[PLAYER] ([TEAM]) wasted a huge opportunity! The fans already began to celebrate as he produced a shot from the edge of the box after a brilliant solo effort. The ball went towards the right side of the goal, but [PLAYER] made an astonishing save! [TEAM] earn a corner.","[PLAYER] ([TEAM]) attempts to find his teammate with a low drive from the edge of the box, but the defender clears the ball away to avert the danger."
england_epl_2016-2017,2016-10-15 - 14-30 Chelsea 3 - 0 Leicester,2,1874,,A crossfield pass from [PLAYER] ([TEAM]) fails to find any of his teammates.,"[PLAYER] ([TEAM]) sends over a cross, but the opposition's defence clears the ball to safety. The ball goes out of play and [TEAM] will have a goal kick."
england_epl_2016-2017,2016-10-15 - 14-30 Chelsea 3 - 0 Leicester,2,1692,substitution,Substitution. [PLAYER] ([TEAM]) receives a signal from the referee and is now allowed to enter the pitch as [PLAYER] walks off.,"[PLAYER] ([TEAM]) gets in a good position to receive a cross, but the ball is cleared before he can react."
england_epl_2016-2017,2016-10-15 - 14-30 Chelsea 3 - 0 Leicester,2,1677,,[PLAYER] ([TEAM]) tries his luck with a shot from long distance after receiving a good pass. His poorly placed effort flies miles wide of the right post.,[PLAYER] ([TEAM]) takes the corner but only sends it into a huddle of the defenders. [TEAM] will have a chance to score from a corner kick.
england_epl_2016-2017,2016-10-15 - 14-30 Chelsea 3 - 0 Leicester,2,1665,corner,"[PLAYER] ([TEAM]) swings in the corner, but it's comfortably cleared away.","[PLAYER] ([TEAM]) takes the corner kick and sends the ball among a huddle of players inside the penalty area, but one of the defenders manages to clear it to safety."
england_epl_2016-2017,2016-10-15 - 14-30 Chelsea 3 - 0 Leicester,2,1627,,"[PLAYER] ([TEAM]) produces a lovely chip pass into the box, but one of the opposition players cuts it out. [PLAYER] ([TEAM]) is the first to arrive to a rebound inside the penalty area and unleashes a quick strike towards the right side of the target that beats the keeper. One of the defenders, however, makes a goal-line clearance. The referee signals a corner kick to [TEAM].","[PLAYER] ([TEAM]) sends a cross into the box, but it's cleared. [TEAM] are awarded a corner kick. [TEAM] will try to score with a header from [PLAYER] ([TEAM])."
england_epl_2016-2017,2016-10-15 - 14-30 Chelsea 3 - 0 Leicester,2,1501,,"[PLAYER] ([TEAM]) and [PLAYER] try to prise open the opposition with a series of short passes, but one of the defenders steps in and puts an end to the move.","[PLAYER] ([TEAM]) sends a cross into the box, but the opposition's defence manages to clear the ball to safety."
england_epl_2016-2017,2016-10-15 - 14-30 Chelsea 3 - 0 Leicester,2,1490,,The [TEAM] players keep the ball and are exchanging a combination of passes. They are waiting for gaps in the defence to open up.,"[PLAYER] ([TEAM]) sends a cross into the box, but an opposition player clears the ball to safety."
england_epl_2016-2017,2016-10-15 - 14-30 Chelsea 3 - 0 Leicester,2,1350,substitution,"Substitution. [PLAYER] ([TEAM]) in, [PLAYER] out.",[COACH] has decided to make a change. [PLAYER] ([TEAM]) replaces [PLAYER].
england_epl_2016-2017,2016-10-15 - 14-30 Chelsea 3 - 0 Leicester,2,1313,substitution,Substitution. [PLAYER] ([TEAM]) replaces [PLAYER].,[COACH] has decided to make a change. [PLAYER] ([TEAM]) replaces [PLAYER].
england_epl_2016-2017,2016-10-15 - 14-30 Chelsea 3 - 0 Leicester,2,1295,substitution,[COACH] has decided to make a change. [PLAYER] ([TEAM]) replaces [PLAYER].,The referee signals a rest period. [PLAYER] ([TEAM]) replaces [PLAYER].
england_epl_2016-2017,2016-10-15 - 14-30 Chelsea 3 - 0 Leicester,2,1228,,"[PLAYER] ([TEAM]) attempts to find one of his teammates with a sweet pass into the box, but one of the defending players reacts well and intercepts the effort.","[PLAYER] ([TEAM]) sends a cross into the box, but the opposition's defence clears the ball to safety."
england_epl_2016-2017,2016-10-15 - 14-30 Chelsea 3 - 0 Leicester,2,1038,,[PLAYER] ([TEAM]) tries to send a pass but it's blocked.,"[PLAYER] ([TEAM]) sends a cross into the box, but the opposition's defence clears the ball to safety."
england_epl_2016-2017,2016-10-15 - 14-30 Chelsea 3 - 0 Leicester,2,968,,"[PLAYER] ([TEAM]) goes on a solo run, but he fails to create a chance as an opposition player blocks him.","[PLAYER] ([TEAM]) sends a cross into the box, but [PLAYER] comes out to avert the danger."
england_epl_2016-2017,2016-10-15 - 14-30 Chelsea 3 - 0 Leicester,2,790,,[PLAYER] ([TEAM]) races towards goal but the defender gets back well to make a challenge.,"[PLAYER] ([TEAM]) sends a cross into the box, but the opposition's defence clears the ball to safety."
england_epl_2016-2017,2016-10-15 - 14-30 Chelsea 3 - 0 Leicester,2,699,,"[PLAYER] ([TEAM]) produces a ferocious strike from the edge of the box. His dangerous effort towards the left post is blocked by [PLAYER], who pulls off a superb save to keep the ball out of the net.","[PLAYER] ([TEAM]) takes the corner kick and sends the ball among a huddle of players inside the box, but one of the defenders clears it to safety."
england_epl_2016-2017,2016-10-15 - 14-30 Chelsea 3 - 0 Leicester,2,685,corner,"The ball is whipped in from the corner by [PLAYER] ([TEAM]), but one of the defenders gets it clear.","[PLAYER] ([TEAM]) takes the corner, but the opposition's defence is ready and clears the ball to safety."
england_epl_2016-2017,2016-10-15 - 14-30 Chelsea 3 - 0 Leicester,2,660,,"[PLAYER] ([TEAM]) attempts to find his teammate with a pass from outside the box, but the opposition's defence is quick to react and thwarts the attack. [TEAM] will have a chance to score from a corner kick.","[PLAYER] ([TEAM]) sends a beautiful cross into the box, but the opposition's defence manages to clear the ball to safety. The referee points to the corner flag. [TEAM] will take a corner."
england_epl_2016-2017,2016-10-15 - 14-30 Chelsea 3 - 0 Leicester,2,596,,"A through ball from [PLAYER] ([TEAM]) fails to reach [PLAYER] as one of the defending players reacts brilliantly to intercept the effort. If the pass had been produced a little bit earlier, [PLAYER] could have got into a promising position.","[PLAYER] ([TEAM]) sends a cross into the box, but [PLAYER] comes out to intercept the ball."
england_epl_2016-2017,2016-10-15 - 14-30 Chelsea 3 - 0 Leicester,2,554,,"[PLAYER] ([TEAM]) sends a pass into the box, but his attempt is thwarted and cleared.","[PLAYER] ([TEAM]) sends a cross into the box, but the opposition's defence manages to clear the ball to safety."
england_epl_2016-2017,2016-10-15 - 14-30 Chelsea 3 - 0 Leicester,2,463,,"[PLAYER] ([TEAM]) latches on to a precise pass on the edge of the box, but miskicks his shot and the ball goes high over the bar. Poor effort! The ball is off of the pitch and it's a goal kick for [TEAM].","[PLAYER] ([TEAM]) makes a yard for himself on the edge of the box after picking up a pass, but produces a poor effort that goes high over the bar. The ball is off of the pitch and it's a goal kick for [TEAM] to start a new attack."
england_epl_2016-2017,2016-10-15 - 14-30 Chelsea 3 - 0 Leicester,2,376,,"[PLAYER] ([TEAM]) fails to deliver a decent cross from a long-range free kick. The opposition's defence intercepts the effort. [PLAYER] ([TEAM]) holds his head in his hands after missing a big chance. He latches on to a rebound, creates some space from himself and fires the ball from the edge of the box well wide of the right post.",[PLAYER] ([TEAM]) commits a foul after unfairly battling for the ball. [REFEREE] stops play.
england_epl_2016-2017,2016-10-15 - 14-30 Chelsea 3 - 0 Leicester,2,336,y-card,[PLAYER] ([TEAM]) has tested the patience of referee [REFEREE] and goes into the book for a previous late challenge.,[PLAYER] ([TEAM]) is booked by [REFEREE] after bringing down an opponent.
england_epl_2016-2017,2016-10-15 - 14-30 Chelsea 3 - 0 Leicester,2,174,,[PLAYER] ([TEAM]) skips past his man but can't keep the ball in play.,"[PLAYER] ([TEAM]) goes on a solo run, but his shot from the edge of the box is blocked."
england_epl_2016-2017,2016-10-15 - 14-30 Chelsea 3 - 0 Leicester,2,132,,[PLAYER] ([TEAM]) quickly takes the free kick with a short pass.,[PLAYER] ([TEAM]) is forced to stop his attack as one of the linesman's flags goes up for offside.
england_epl_2016-2017,2016-10-15 - 14-30 Chelsea 3 - 0 Leicester,2,108,,"[PLAYER] ([TEAM]) gets on the ball and beats an opponent, but his run is stopped by the referee [REFEREE] who sees an offensive foul. A free kick has been awarded to [TEAM].",The ball is cleared after [PLAYER] ([TEAM]) attempted to dribble past an opponent inside the box.
england_epl_2016-2017,2016-10-15 - 14-30 Chelsea 3 - 0 Leicester,2,9,,"[PLAYER] ([TEAM]) latches on to a cross on the edge of the box and fires a shot at goal, but his effort was blocked by one of the defenders.",The referee blows his whistle to signal the start of the second half.
england_epl_2016-2017,2016-10-15 - 14-30 Chelsea 3 - 0 Leicester,2,1,whistle,The players are back out on the pitch following the half-time break and the second half is about to start.,The referee blows his whistle to signal the start of the second half.
england_epl_2016-2017,2016-10-15 - 14-30 Chelsea 3 - 0 Leicester,1,2599,,"[PLAYER] ([TEAM]) climbs high to meet a cross on the edge of the box, but it's a poor header and goes well wide of the left post.","[PLAYER] ([TEAM]) makes a yard for himself and goes for goal from long range, but the effort is high and over the bar. The ball is off the pitch and it's a goal kick for [TEAM]."
england_epl_2016-2017,2016-10-15 - 14-30 Chelsea 3 - 0 Leicester,1,2536,,"[PLAYER] ([TEAM]) wriggles into space and fires the ball from the edge of the area, but one of the defenders is there to block the effort.","[PLAYER] ([TEAM]) sends a cross into the box, but [PLAYER] comes off his line to gather the ball."
england_epl_2016-2017,2016-10-15 - 14-30 Chelsea 3 - 0 Leicester,1,2407,,"[PLAYER] ([TEAM]) strikes the ball towards goal from the free kick, but it goes straight at the goalkeeper.",[PLAYER] ([TEAM]) wasted an opportunity to score from the free kick from a promising distance. His shot was not accurate enough and was easily saved by the goalkeeper.
england_epl_2016-2017,2016-10-15 - 14-30 Chelsea 3 - 0 Leicester,1,2357,,[PLAYER] ([TEAM]) trips an opposition player and [REFEREE] signals a foul. [TEAM] have a free kick.,"[PLAYER] ([TEAM]) makes a slide tackle, but referee [REFEREE] blows for a foul and gives him a yellow card. [TEAM] are awarded a free kick."
england_epl_2016-2017,2016-10-15 - 14-30 Chelsea 3 - 0 Leicester,1,2332,corner,"[PLAYER] ([TEAM]) swings in a cross from the corner, but [PLAYER] reads it well and gathers the ball.","[PLAYER] ([TEAM]) takes the corner, but the opposition's defence is ready and clears the ball to safety."
england_epl_2016-2017,2016-10-15 - 14-30 Chelsea 3 - 0 Leicester,1,2296,corner,[PLAYER] ([TEAM]) takes the corner but it's cleared. [TEAM] have been awarded a corner kick. The referee and one of his assistants both point at the corner flag.,"[PLAYER] ([TEAM]) takes the corner kick and sends a lovely ball into the penalty area, but the opposition's defence is ready and knocks the ball to safety. The ball goes out of play. [TEAM] are awarded a corner kick."
england_epl_2016-2017,2016-10-15 - 14-30 Chelsea 3 - 0 Leicester,1,2263,,"[PLAYER] ([TEAM]) attempts to send over a cross in order to find one of his teammates, but an opposition defender averts the danger by intercepting the effort. The ball is out of play. [TEAM] win a corner kick.","[PLAYER] ([TEAM]) sends a lofted cross into the penalty area, but it's cleared. [TEAM] have been awarded a corner kick."
england_epl_2016-2017,2016-10-15 - 14-30 Chelsea 3 - 0 Leicester,1,2232,,"[PLAYER] ([TEAM]) receives a sweet pass inside the box, but his effort on goal is blocked by the defender.","[PLAYER] ([TEAM]) sends a pass into the box, but [PLAYER] comes off his line to clear the ball away."
england_epl_2016-2017,2016-10-15 - 14-30 Chelsea 3 - 0 Leicester,1,2122,,The linesman raises his flag as one of the players from [TEAM] was in an offside position.,[PLAYER] ([TEAM]) is penalised for a foul. [REFEREE] had a clear view of it and blows his whistle.
england_epl_2016-2017,2016-10-15 - 14-30 Chelsea 3 - 0 Leicester,1,2043,,[PLAYER] ([TEAM]) takes a short free kick.,[PLAYER] ([TEAM]) is penalised for a foul. [REFEREE] had no option but to stop the game as the referee had to deal with a dangerous play. A free kick has been awarded to [TEAM].
england_epl_2016-2017,2016-10-15 - 14-30 Chelsea 3 - 0 Leicester,1,2026,,[REFEREE] has a clear sight and sees a foul from [PLAYER] ([TEAM]). [TEAM] win a free kick and will be able to apply some pressure on the opposition goal.,[REFEREE] blows his whistle. [PLAYER] ([TEAM]) commits a foul after dangerous play.
england_epl_2016-2017,2016-10-15 - 14-30 Chelsea 3 - 0 Leicester,1,1937,soccer-ball,"[PLAYER] ([TEAM]) receives a killer pass, finds himself one-on-one with the goalkeeper and coolly sends the ball into the back of the net.","Goal! [PLAYER] displays great vision and sends a pass to [PLAYER] ([TEAM]), who shows brilliant composure inside the box to bury the ball into the back of the net. The score is 1:0."
england_epl_2016-2017,2016-10-15 - 14-30 Chelsea 3 - 0 Leicester,1,1894,,"[PLAYER] ([TEAM]) changes the direction of the ball using his hand, but he is angry when the referee gives a foul against him.","[PLAYER] ([TEAM]) sends a cross into the box, but [PLAYER] intercepts the ball."
england_epl_2016-2017,2016-10-15 - 14-30 Chelsea 3 - 0 Leicester,1,1835,,The free kick into the penalty area from [PLAYER] ([TEAM]) is cleared.,"[PLAYER] ([TEAM]) crosses into the box, but the defender gets it clear."
england_epl_2016-2017,2016-10-15 - 14-30 Chelsea 3 - 0 Leicester,1,1793,,[PLAYER] ([TEAM]) tackles a bit over-zealously and [REFEREE] blows for a foul. [TEAM] will take a free kick.,[PLAYER] ([TEAM]) is penalised for a foul. [REFEREE] had a clear view and blows his whistle. [TEAM] win a free kick and will be able to apply some pressure on the opposition goal.
england_epl_2016-2017,2016-10-15 - 14-30 Chelsea 3 - 0 Leicester,1,1685,,"Corner kick falls to [PLAYER] ([TEAM]), who shows his quick reaction with a snap shot. The ball, however, goes well over the bar.","[PLAYER] ([TEAM]) takes the corner, but [PLAYER] is quick to avert the danger by intercepting the cross."
england_epl_2016-2017,2016-10-15 - 14-30 Chelsea 3 - 0 Leicester,1,1683,corner,Corner kick. [PLAYER] ([TEAM]) is ready to send the ball into the box.,"[PLAYER] ([TEAM]) takes the corner, but the defence is ready and clears the ball to safety."
england_epl_2016-2017,2016-10-15 - 14-30 Chelsea 3 - 0 Leicester,1,1665,corner,"[PLAYER] ([TEAM]) sends in the corner, but fails to find the head of any of his teammates, allowing the defence to clear. The ball goes out of play. [TEAM] are awarded a corner kick.",[PLAYER] ([TEAM]) takes the corner but it's cleared. [TEAM] will have a chance to score from a corner kick.
england_epl_2016-2017,2016-10-15 - 14-30 Chelsea 3 - 0 Leicester,1,1656,,[PLAYER] ([TEAM]) fails to find any of his teammates inside the box as his pass is blocked. The ball is out of play. A goal-scoring opportunity from a corner for [TEAM].,[PLAYER] ([TEAM]) takes the corner but fails to find any of his teammates as the defence converts the cross into a goal-scoring opportunity.
england_epl_2016-2017,2016-10-15 - 14-30 Chelsea 3 - 0 Leicester,1,1633,,"[PLAYER] ([TEAM]) lashes in a mid-range free kick and his effort crashes against the left post. That was an excellent shot, but unfortunately for him it didn't end up in the back of the net.","[PLAYER] ([TEAM]) stands over the free kick and opts to take it himself, but he can't find anyone he wants to with his effort that hits the defensive wall."
england_epl_2016-2017,2016-10-15 - 14-30 Chelsea 3 - 0 Leicester,1,1573,y-card,This yellow card was deserved. The tackle by [PLAYER] ([TEAM]) was quite harsh and [REFEREE] didn't hesitate to show him a yellow card.,[PLAYER] ([TEAM]) is booked after bringing down an opponent. [REFEREE] had an easy-decision to make.
england_epl_2016-2017,2016-10-15 - 14-30 Chelsea 3 - 0 Leicester,1,1523,,"[PLAYER] ([TEAM]) gets on the end of a pass and takes a shot from the edge of the box, but it's blocked by one of the defending players.","[PLAYER] ([TEAM]) sends a cross into the box, but the defence gets it clear."
england_epl_2016-2017,2016-10-15 - 14-30 Chelsea 3 - 0 Leicester,1,1445,,"[PLAYER] ([TEAM]) sends a long ball forward to [PLAYER], but he put too much power and the chance is gone. The ball goes out of play and [TEAM] will have a goal kick.",[PLAYER] ([TEAM]) is offside and the linesman raises his flag.
england_epl_2016-2017,2016-10-15 - 14-30 Chelsea 3 - 0 Leicester,1,1321,,"[PLAYER] ([TEAM]) picks out [PLAYER] with a fine lofted pass, but the latter wasn't able to create some space to get into shooting range.","[PLAYER] ([TEAM]) sends a cross into the box, but the opposition's defence manages to clear the ball to safety."
england_epl_2016-2017,2016-10-15 - 14-30 Chelsea 3 - 0 Leicester,1,1151,,"[PLAYER] ([TEAM]) looks to break free, but an opposing player clears the ball away.","[PLAYER] ([TEAM]) sends a cross into the box, but the opposition's defence manages to clear the ball to safety."
england_epl_2016-2017,2016-10-15 - 14-30 Chelsea 3 - 0 Leicester,1,1095,,CHANCE! [PLAYER] ([TEAM]) connects with a cross but he cannot direct his shot on target.,[PLAYER] ([TEAM]) is offside and the referee blows his whistle.
